topic,details
Purpose,"Dev-only deterministic reporting dataset for 2026-01-01 to 2026-03-31."
Warning,"Do not run against production. This reset wipes travelers and transactional business data only."
Currencies,"PKR, AED, USD"
"FX Rates","PKR->PKR 1.00, AED->PKR 76.00, USD->PKR 280.00 effective 2026-01-01"
"Invoice Formula","Invoice total = sum(final_receivable) per invoice. Balance due = invoice total - total received."
"Supplier Outstanding Formula","Outstanding = payable - paid - advance applied."
"Receipt Balance Formula","Balance due = max(total invoice amount - cumulative invoice receipts, 0)."
"Commission Note","Air-ticket commission is stored separately. Current service profit remains final_receivable - payable under existing system logic."
"Non-Air Limitation","Non-air subtype detail tables are populated by a tiny demo-only direct SQL helper because current repository persistence is air-ticket-first."
